[
    {
        "question": "سوپر نووا SuperNova چیست؟",
        "options": [
            "انغجار یک ستاره",
            "صدای رعد و برق",
            "آتشفشان زیر آب"
        ],
        "answer": 1
    },
    {
        "question": "جنگ صد ساله چند سال طول کشید؟",
        "options": [
            "100",
            "97",
            "120",
            "116"
        ],
        "answer": 4
    },
    {
        "question": "واحد اندازه گیری الماس کدام است؟",
        "options": [
            "قیراط",
            "گرم",
            "پوند",
            "سوت"
        ],
        "answer": 1
    },
    {
        "question": "وسیع ترین صحرای جهان کدام است؟",
        "options": [
            "گوبی",
            "ساحارا",
            "موهاوی"
        ],
        "answer": 2
    }
]